"fl_date","total_flights","delayed_flights","delay_rate"
"2019-01-01","17844","3844","21.54"
"2019-01-02","20170","5203","25.80"
"2019-01-03","19341","3601","18.62"
"2019-01-04","19467","2474","12.71"
"2019-01-05","16643","2676","16.08"
"2019-01-06","19096","3790","19.85"
"2019-01-07","19851","3009","15.16"
"2019-01-08","18579","1888","10.16"
"2019-01-09","19045","1969","10.34"
"2019-01-10","19756","2830","14.32"
"2019-01-11","19827","3184","16.06"
"2019-01-12","14943","2250","15.06"
"2019-01-13","17779","2883","16.22"
"2019-01-14","19661","2978","15.15"
"2019-01-15","18382","2848","15.49"
"2019-01-16","18756","2422","12.91"
"2019-01-17","19713","3947","20.02"
"2019-01-18","19534","4278","21.90"
"2019-01-19","13382","2691","20.11"
"2019-01-20","15663","3290","21.00"
"2019-01-21","18858","5073","26.90"
"2019-01-22","17395","3929","22.59"
"2019-01-23","18458","5037","27.29"
"2019-01-24","19503","6084","31.20"
"2019-01-25","19826","4494","22.67"
"2019-01-26","15178","2025","13.34"
"2019-01-27","18322","3447","18.81"
"2019-01-28","18435","3290","17.85"
"2019-01-29","17482","2550","14.59"
"2019-01-30","16914","3451","20.40"
"2019-01-31","18160","3787","20.85"
"2019-02-01","19546","4884","24.99"
"2019-02-02","14532","2215","15.24"
"2019-02-03","16535","1696","10.26"
"2019-02-04","19716","3129","15.87"
"2019-02-05","18176","2484","13.67"
"2019-02-06","18679","3523","18.86"
"2019-02-07","19304","4725","24.48"
"2019-02-08","19750","4472","22.64"
"2019-02-09","15082","2147","14.24"
"2019-02-10","18120","4759","26.26"
"2019-02-11","19166","4530","23.64"
"2019-02-12","16762","5603","33.43"
"2019-02-13","18607","4945","26.58"
"2019-02-14","19993","4693","23.47"
"2019-02-15","20304","4463","21.98"
"2019-02-16","15726","2566","16.32"
"2019-02-17","17106","4248","24.83"
"2019-02-18","19901","5819","29.24"
"2019-02-19","19297","5153","26.70"
"2019-02-20","18081","7151","39.55"
"2019-02-21","19699","5580","28.33"
"2019-02-22","20061","5611","27.97"
"2019-02-23","15779","3552","22.51"
"2019-02-24","18303","3921","21.42"
"2019-02-25","19479","4881","25.06"
"2019-02-26","19254","3792","19.69"
"2019-02-27","19140","3771","19.70"
"2019-02-28","20216","5164","25.54"
"2019-03-01","20174","5698","28.24"
"2019-03-02","16455","4505","27.38"
"2019-03-03","18876","5738","30.40"
"2019-03-04","20035","4801","23.96"
"2019-03-05","19870","3765","18.95"
"2019-03-06","20197","3542","17.54"
"2019-03-07","20935","3813","18.21"
"2019-03-08","21047","4061","19.29"
"2019-03-09","17343","5451","31.43"
"2019-03-10","20172","5655","28.03"
"2019-03-11","21043","3034","14.42"
"2019-03-12","20401","3312","16.23"
"2019-03-13","19172","3644","19.01"
"2019-03-14","20088","4889","24.34"
"2019-03-15","20884","4590","21.98"
"2019-03-16","17635","2550","14.46"
"2019-03-17","20253","2321","11.46"
"2019-03-18","21037","1817","8.64"
"2019-03-19","20371","1688","8.29"
"2019-03-20","20591","2239","10.87"
"2019-03-21","21056","3166","15.04"
"2019-03-22","21008","4019","19.13"
"2019-03-23","17647","1980","11.22"
"2019-03-24","20193","2402","11.90"
"2019-03-25","20882","3228","15.46"
"2019-03-26","20392","2325","11.40"
"2019-03-27","20656","2492","12.06"
"2019-03-28","21072","2278","10.81"
"2019-03-29","21131","2485","11.76"
"2019-03-30","17652","1815","10.28"
"2019-03-31","20237","2974","14.70"
"2019-04-01","20928","5980","28.57"
"2019-04-02","20280","2048","10.10"
"2019-04-03","20514","2281","11.12"
"2019-04-04","21039","3526","16.76"
"2019-04-05","21140","3089","14.61"
"2019-04-06","17106","2638","15.42"
"2019-04-07","19811","4423","22.33"
"2019-04-08","20876","4230","20.26"
"2019-04-09","20190","3830","18.97"
"2019-04-10","19895","3058","15.37"
"2019-04-11","20387","3513","17.23"
"2019-04-12","21103","5282","25.03"
"2019-04-13","16133","3473","21.53"
"2019-04-14","18370","7025","38.24"
"2019-04-15","20565","5362","26.07"
"2019-04-16","20320","2062","10.15"
"2019-04-17","20302","2290","11.28"
"2019-04-18","21023","4987","23.72"
"2019-04-19","19800","6647","33.57"
"2019-04-20","16308","2817","17.27"
"2019-04-21","19540","2156","11.03"
"2019-04-22","21149","3372","15.94"
"2019-04-23","20215","2183","10.80"
"2019-04-24","20359","2635","12.94"
"2019-04-25","21120","2269","10.74"
"2019-04-26","20456","4599","22.48"
"2019-04-27","16234","2251","13.87"
"2019-04-28","20146","2538","12.60"
"2019-04-29","21000","4348","20.70"
"2019-04-30","19711","3606","18.29"
"2019-05-01","20226","2783","13.76"
"2019-05-02","20631","6499","31.50"
"2019-05-03","21021","5521","26.26"
"2019-05-04","16860","2841","16.85"
"2019-05-05","20198","4359","21.58"
"2019-05-06","21241","3546","16.69"
"2019-05-07","20224","3339","16.51"
"2019-05-08","20005","4773","23.86"
"2019-05-09","20933","4777","22.82"
"2019-05-10","21279","4279","20.11"
"2019-05-11","16435","3358","20.43"
"2019-05-12","19881","3685","18.54"
"2019-05-13","21191","4466","21.07"
"2019-05-14","20538","2420","11.78"
"2019-05-15","20802","2408","11.58"
"2019-05-16","21402","4338","20.27"
"2019-05-17","21458","3819","17.80"
"2019-05-18","16325","4081","25.00"
"2019-05-19","20157","5972","29.63"
"2019-05-20","21168","4888","23.09"
"2019-05-21","20306","5150","25.36"
"2019-05-22","21002","3155","15.02"
"2019-05-23","21085","6333","30.04"
"2019-05-24","21554","4635","21.50"
"2019-05-25","16620","1567","9.43"
"2019-05-26","17083","2213","12.95"
"2019-05-27","19839","3058","15.41"
"2019-05-28","20129","4454","22.13"
"2019-05-29","19362","4965","25.64"
"2019-05-30","20978","4978","23.73"
"2019-05-31","21406","3623","16.93"
"2019-06-01","17016","3157","18.55"
"2019-06-02","20218","4598","22.74"
"2019-06-03","21358","3463","16.21"
"2019-06-04","20715","2655","12.82"
"2019-06-05","20798","5243","25.21"
"2019-06-06","21624","4138","19.14"
"2019-06-07","21680","4406","20.32"
"2019-06-08","17726","4452","25.12"
"2019-06-09","20064","5891","29.36"
"2019-06-10","21173","6273","29.63"
"2019-06-11","21350","4645","21.76"
"2019-06-12","21532","4770","22.15"
"2019-06-13","21917","6256","28.54"
"2019-06-14","22005","3838","17.44"
"2019-06-15","18485","4095","22.15"
"2019-06-16","20132","6271","31.15"
"2019-06-17","21420","6257","29.21"
"2019-06-18","21118","6128","29.02"
"2019-06-19","21231","6878","32.40"
"2019-06-20","21272","6915","32.51"
"2019-06-21","21733","5956","27.41"
"2019-06-22","18621","4240","22.77"
"2019-06-23","20657","5837","28.26"
"2019-06-24","21667","6124","28.26"
"2019-06-25","21441","6102","28.46"
"2019-06-26","21739","4599","21.16"
"2019-06-27","21892","4909","22.42"
"2019-06-28","21885","5057","23.11"
"2019-06-29","18351","5071","27.63"
"2019-06-30","20067","5134","25.58"
"2019-07-01","20271","3518","17.35"
"2019-07-02","19662","3623","18.43"
"2019-07-03","19674","3666","18.63"
"2019-07-04","16435","2548","15.50"
"2019-07-05","17964","3695","20.57"
"2019-07-06","17960","4623","25.74"
"2019-07-07","21152","5891","27.85"
"2019-07-08","22011","6294","28.59"
"2019-07-09","21839","3323","15.22"
"2019-07-10","21559","3238","15.02"
"2019-07-11","20924","5613","26.83"
"2019-07-12","21929","4813","21.95"
"2019-07-13","18679","2830","15.15"
"2019-07-14","21348","3641","17.06"
"2019-07-15","22046","4112","18.65"
"2019-07-16","21822","4311","19.76"
"2019-07-17","21091","5669","26.88"
"2019-07-18","21016","7269","34.59"
"2019-07-19","21810","5586","25.61"
"2019-07-20","18777","5073","27.02"
"2019-07-21","21231","6359","29.95"
"2019-07-22","21290","5042","23.68"
"2019-07-23","21547","5479","25.43"
"2019-07-24","22010","4004","18.19"
"2019-07-25","22192","2814","12.68"
"2019-07-26","22248","2969","13.35"
"2019-07-27","19114","2206","11.54"
"2019-07-28","21578","2846","13.19"
"2019-07-29","21919","4792","21.86"
"2019-07-30","21603","4889","22.63"
"2019-07-31","21080","4894","23.22"
"2019-08-01","21808","6872","31.51"
"2019-08-02","21952","5870","26.74"
"2019-08-03","19067","3416","17.92"
"2019-08-04","21566","4582","21.25"
"2019-08-05","22278","3860","17.33"
"2019-08-06","21553","4779","22.17"
"2019-08-07","20284","5533","27.28"
"2019-08-08","21604","6296","29.14"
"2019-08-09","22160","4212","19.01"
"2019-08-10","18747","2406","12.83"
"2019-08-11","21454","3395","15.82"
"2019-08-12","21946","3220","14.67"
"2019-08-13","21304","4984","23.39"
"2019-08-14","21398","5817","27.18"
"2019-08-15","21735","5238","24.10"
"2019-08-16","21945","4724","21.53"
"2019-08-17","18258","4192","22.96"
"2019-08-18","20172","5548","27.50"
"2019-08-19","21405","5187","24.23"
"2019-08-20","20132","5987","29.74"
"2019-08-21","20702","4826","23.31"
"2019-08-22","21363","5197","24.33"
"2019-08-23","21663","5150","23.77"
"2019-08-24","17666","1816","10.28"
"2019-08-25","21006","2499","11.90"
"2019-08-26","21605","3600","16.66"
"2019-08-27","20689","3459","16.72"
"2019-08-28","21102","3101","14.70"
"2019-08-29","21812","2779","12.74"
"2019-08-30","21149","3099","14.65"
"2019-08-31","15826","1634","10.32"
"2019-09-01","16280","1444","8.87"
"2019-09-02","19454","2979","15.31"
"2019-09-03","18642","2644","14.18"
"2019-09-04","19027","2345","12.32"
"2019-09-05","20153","1943","9.64"
"2019-09-06","20369","2674","13.13"
"2019-09-07","16365","1214","7.42"
"2019-09-08","20484","2583","12.61"
"2019-09-09","21205","2954","13.93"
"2019-09-10","20041","3179","15.86"
"2019-09-11","20335","3545","17.43"
"2019-09-12","21077","5377","25.51"
"2019-09-13","21265","4566","21.47"
"2019-09-14","16765","1486","8.86"
"2019-09-15","20532","2891","14.08"
"2019-09-16","21295","2605","12.23"
"2019-09-17","20180","2955","14.64"
"2019-09-18","20393","3396","16.65"
"2019-09-19","20249","3753","18.53"
"2019-09-20","20960","3661","17.47"
"2019-09-21","16729","1608","9.61"
"2019-09-22","20656","2529","12.24"
"2019-09-23","21264","3083","14.50"
"2019-09-24","20250","1818","8.98"
"2019-09-25","20482","1606","7.84"
"2019-09-26","21435","3215","15.00"
"2019-09-27","20327","3333","16.40"
"2019-09-28","16575","2316","13.97"
"2019-09-29","20581","2989","14.52"
"2019-09-30","21346","2877","13.48"
"2019-10-01","20333","2041","10.04"
"2019-10-02","20719","2434","11.75"
"2019-10-03","21609","2847","13.18"
"2019-10-04","21657","3102","14.32"
"2019-10-05","17120","1604","9.37"
"2019-10-06","20800","2708","13.02"
"2019-10-07","21579","2939","13.62"
"2019-10-08","20710","2182","10.54"
"2019-10-09","20860","3051","14.63"
"2019-10-10","21284","4964","23.32"
"2019-10-11","21378","6218","29.09"
"2019-10-12","17168","1571","9.15"
"2019-10-13","20957","2773","13.23"
"2019-10-14","21651","2320","10.72"
"2019-10-15","20773","2638","12.70"
"2019-10-16","20861","4014","19.24"
"2019-10-17","21390","3752","17.54"
"2019-10-18","21623","3049","14.10"
"2019-10-19","17166","2019","11.76"
"2019-10-20","20713","4464","21.55"
"2019-10-21","21328","5599","26.25"
"2019-10-22","20647","3633","17.60"
"2019-10-23","20861","2322","11.13"
"2019-10-24","21141","3760","17.79"
"2019-10-25","21482","4410","20.53"
"2019-10-26","16758","2212","13.20"
"2019-10-27","20187","4069","20.16"
"2019-10-28","20551","3142","15.29"
"2019-10-29","19204","4270","22.23"
"2019-10-30","19526","5913","30.28"
"2019-10-31","17601","5026","28.56"
"2019-11-01","19950","2990","14.99"
"2019-11-02","16741","1680","10.04"
"2019-11-03","20506","1967","9.59"
"2019-11-04","21347","1874","8.78"
"2019-11-05","19898","1928","9.69"
"2019-11-06","20301","2286","11.26"
"2019-11-07","21490","4030","18.75"
"2019-11-08","21501","3782","17.59"
"2019-11-09","16768","1568","9.35"
"2019-11-10","20754","2070","9.97"
"2019-11-11","20163","5490","27.23"
"2019-11-12","20382","5317","26.09"
"2019-11-13","20679","2745","13.27"
"2019-11-14","21537","2924","13.58"
"2019-11-15","21562","2975","13.80"
"2019-11-16","16808","1496","8.90"
"2019-11-17","20826","2259","10.85"
"2019-11-18","21517","3021","14.04"
"2019-11-19","20664","2094","10.13"
"2019-11-20","20840","2964","14.22"
"2019-11-21","21516","3110","14.45"
"2019-11-22","21666","3437","15.86"
"2019-11-23","18252","1828","10.02"
"2019-11-24","20276","1977","9.75"
"2019-11-25","20347","2122","10.43"
"2019-11-26","20449","3603","17.62"
"2019-11-27","21605","4836","22.38"
"2019-11-28","12669","1560","12.31"
"2019-11-29","15237","1978","12.98"
"2019-11-30","20856","5740","27.52"
"2019-12-01","22080","7565","34.26"
"2019-12-02","21216","6506","30.67"
"2019-12-03","20091","4477","22.28"
"2019-12-04","20056","3765","18.77"
"2019-12-05","21161","2719","12.85"
"2019-12-06","21158","3089","14.60"
"2019-12-07","16009","1626","10.16"
"2019-12-08","20188","2359","11.69"
"2019-12-09","20674","5167","24.99"
"2019-12-10","19645","3202","16.30"
"2019-12-11","20094","4759","23.68"
"2019-12-12","21170","3253","15.37"
"2019-12-13","21125","4580","21.68"
"2019-12-14","16079","3026","18.82"
"2019-12-15","20143","3164","15.71"
"2019-12-16","20830","4859","23.33"
"2019-12-17","19407","5443","28.05"
"2019-12-18","20312","4760","23.43"
"2019-12-19","21219","4383","20.66"
"2019-12-20","21323","4181","19.61"
"2019-12-21","19917","3761","18.88"
"2019-12-22","20839","5388","25.86"
"2019-12-23","20856","5385","25.82"
"2019-12-24","16605","2316","13.95"
"2019-12-25","16418","1633","9.95"
"2019-12-26","20932","4139","19.77"
"2019-12-27","20892","3474","16.63"
"2019-12-28","19576","5279","26.97"
"2019-12-29","20630","4892","23.71"
"2019-12-30","20717","5055","24.40"
"2019-12-31","17250","2740","15.88"
"2022-01-01","13501","5084","37.66"
"2022-01-02","16607","8217","49.48"
"2022-01-03","16186","6891","42.57"
"2022-01-04","15590","5345","34.28"
"2022-01-05","15259","4712","30.88"
"2022-01-06","16190","4150","25.63"
"2022-01-07","15931","4721","29.63"
"2022-01-08","14164","3251","22.95"
"2022-01-09","17037","3675","21.57"
"2022-01-10","17142","2237","13.05"
"2022-01-11","15740","1462","9.29"
"2022-01-12","16372","1103","6.74"
"2022-01-13","17698","1709","9.66"
"2022-01-14","18070","2704","14.96"
"2022-01-15","14409","2235","15.51"
"2022-01-16","14128","3391","24.00"
"2022-01-17","16913","3171","18.75"
"2022-01-18","16142","1228","7.61"
"2022-01-19","16444","1898","11.54"
"2022-01-20","17838","3040","17.04"
"2022-01-21","17867","2800","15.67"
"2022-01-22","14495","2031","14.01"
"2022-01-23","17694","3555","20.09"
"2022-01-24","17654","2922","16.55"
"2022-01-25","16021","1474","9.20"
"2022-01-26","16641","1311","7.88"
"2022-01-27","18281","2440","13.35"
"2022-01-28","17080","4476","26.21"
"2022-01-29","12004","1348","11.23"
"2022-01-30","16683","2380","14.27"
"2022-01-31","17748","2091","11.78"
"2022-02-01","16077","1265","7.87"
"2022-02-02","14656","2982","20.35"
"2022-02-03","13789","2858","20.73"
"2022-02-04","15031","4371","29.08"
"2022-02-05","13872","2930","21.12"
"2022-02-06","17394","3090","17.76"
"2022-02-07","18051","3416","18.92"
"2022-02-08","16443","1119","6.81"
"2022-02-09","16920","1137","6.72"
"2022-02-10","18504","2179","11.78"
"2022-02-11","18494","2502","13.53"
"2022-02-12","15175","1855","12.22"
"2022-02-13","17099","4966","29.04"
"2022-02-14","18450","3193","17.31"
"2022-02-15","16618","1624","9.77"
"2022-02-16","17138","1890","11.03"
"2022-02-17","17695","4666","26.37"
"2022-02-18","18669","6347","34.00"
"2022-02-19","15656","3641","23.26"
"2022-02-20","17493","2647","15.13"
"2022-02-21","18781","3422","18.22"
"2022-02-22","17038","5676","33.31"
"2022-02-23","16197","4071","25.13"
"2022-02-24","17006","5591","32.88"
"2022-02-25","17750","6061","34.15"
"2022-02-26","15889","3283","20.66"
"2022-02-27","18455","3247","17.59"
"2022-02-28","18806","2585","13.75"
"2022-03-01","17167","1712","9.97"
"2022-03-02","17547","1462","8.33"
"2022-03-03","18662","2302","12.34"
"2022-03-04","18490","2465","13.33"
"2022-03-05","15853","2772","17.49"
"2022-03-06","18002","4700","26.11"
"2022-03-07","18294","4617","25.24"
"2022-03-08","16801","2295","13.66"
"2022-03-09","16768","4454","26.56"
"2022-03-10","18783","5564","29.62"
"2022-03-11","18646","6380","34.22"
"2022-03-12","15612","6742","43.18"
"2022-03-13","17974","5836","32.47"
"2022-03-14","18608","3589","19.29"
"2022-03-15","17207","2558","14.87"
"2022-03-16","17577","2386","13.57"
"2022-03-17","18360","4376","23.83"
"2022-03-18","18570","6272","33.77"
"2022-03-19","16880","4897","29.01"
"2022-03-20","18802","4239","22.55"
"2022-03-21","18333","3949","21.54"
"2022-03-22","17318","3799","21.94"
"2022-03-23","17710","3394","19.16"
"2022-03-24","19084","5171","27.10"
"2022-03-25","19211","2986","15.54"
"2022-03-26","17019","2832","16.64"
"2022-03-27","18828","3339","17.73"
"2022-03-28","19041","4145","21.77"
"2022-03-29","17415","2101","12.06"
"2022-03-30","17605","3495","19.85"
"2022-03-31","18543","4987","26.89"
"2022-04-01","18420","5555","30.16"
"2022-04-02","14932","4498","30.12"
"2022-04-03","17545","4629","26.38"
"2022-04-04","18305","3863","21.10"
"2022-04-05","17450","5067","29.04"
"2022-04-06","18083","4525","25.02"
"2022-04-07","18183","5984","32.91"
"2022-04-08","18692","5103","27.30"
"2022-04-09","16017","2943","18.37"
"2022-04-10","18502","3974","21.48"
"2022-04-11","19034","4337","22.79"
"2022-04-12","17829","3883","21.78"
"2022-04-13","18051","5614","31.10"
"2022-04-14","18832","5976","31.73"
"2022-04-15","18967","5108","26.93"
"2022-04-16","16167","3399","21.02"
"2022-04-17","18645","3697","19.83"
"2022-04-18","19065","5112","26.81"
"2022-04-19","17988","3462","19.25"
"2022-04-20","18334","2348","12.81"
"2022-04-21","19252","3447","17.90"
"2022-04-22","19162","3995","20.85"
"2022-04-23","16249","2292","14.11"
"2022-04-24","18641","3729","20.00"
"2022-04-25","18878","4010","21.24"
"2022-04-26","17950","2447","13.63"
"2022-04-27","18317","2655","14.49"
"2022-04-28","19235","2988","15.53"
"2022-04-29","19263","3390","17.60"
"2022-04-30","16129","2932","18.18"
"2022-05-01","18551","3836","20.68"
"2022-05-02","18994","4055","21.35"
"2022-05-03","17947","2487","13.86"
"2022-05-04","18085","3007","16.63"
"2022-05-05","19035","4638","24.37"
"2022-05-06","19078","4934","25.86"
"2022-05-07","16224","3444","21.23"
"2022-05-08","18832","3933","20.88"
"2022-05-09","19311","3666","18.98"
"2022-05-10","18043","2350","13.02"
"2022-05-11","18268","2722","14.90"
"2022-05-12","19387","4048","20.88"
"2022-05-13","19149","5312","27.74"
"2022-05-14","16145","3051","18.90"
"2022-05-15","18763","4677","24.93"
"2022-05-16","18440","4353","23.61"
"2022-05-17","17815","3228","18.12"
"2022-05-18","18310","2722","14.87"
"2022-05-19","19424","3807","19.60"
"2022-05-20","18390","5352","29.10"
"2022-05-21","15823","5151","32.55"
"2022-05-22","18079","4556","25.20"
"2022-05-23","18956","5000","26.38"
"2022-05-24","17599","3644","20.71"
"2022-05-25","18218","3876","21.28"
"2022-05-26","19370","4130","21.32"
"2022-05-27","18452","5362","29.06"
"2022-05-28","15952","3446","21.60"
"2022-05-29","17886","3485","19.48"
"2022-05-30","19179","2840","14.81"
"2022-05-31","18250","2386","13.07"
"2022-06-01","17464","3271","18.73"
"2022-06-02","17950","4732","26.36"
"2022-06-03","18832","5122","27.20"
"2022-06-04","16288","2957","18.15"
"2022-06-05","19316","3727","19.29"
"2022-06-06","19533","4947","25.33"
"2022-06-07","18681","3785","20.26"
"2022-06-08","18773","5052","26.91"
"2022-06-09","19326","5151","26.65"
"2022-06-10","19538","5375","27.51"
"2022-06-11","17268","4159","24.09"
"2022-06-12","18804","6812","36.23"
"2022-06-13","19366","4776","24.66"
"2022-06-14","18480","4863","26.31"
"2022-06-15","18831","3895","20.68"
"2022-06-16","18158","6493","35.76"
"2022-06-17","18666","6731","36.06"
"2022-06-18","16933","4532","26.76"
"2022-06-19","18936","4487","23.70"
"2022-06-20","19625","3362","17.13"
"2022-06-21","18776","2631","14.01"
"2022-06-22","17905","3863","21.57"
"2022-06-23","19184","4760","24.81"
"2022-06-24","19292","4546","23.56"
"2022-06-25","17188","4100","23.85"
"2022-06-26","18975","4982","26.26"
"2022-06-27","18977","5176","27.28"
"2022-06-28","18409","3075","16.70"
"2022-06-29","18695","3928","21.01"
"2022-06-30","19584","3308","16.89"
"2022-07-01","19515","5452","27.94"
"2022-07-02","17121","3860","22.55"
"2022-07-03","17934","2952","16.46"
"2022-07-04","18857","2188","11.60"
"2022-07-05","18386","3874","21.07"
"2022-07-06","18375","3714","20.21"
"2022-07-07","19361","3206","16.56"
"2022-07-08","19405","3684","18.98"
"2022-07-09","17577","4499","25.60"
"2022-07-10","19548","4306","22.03"
"2022-07-11","19857","3689","18.58"
"2022-07-12","18289","3324","18.17"
"2022-07-13","18890","3873","20.50"
"2022-07-14","19702","4622","23.46"
"2022-07-15","19743","5053","25.59"
"2022-07-16","17381","4546","26.15"
"2022-07-17","19363","5450","28.15"
"2022-07-18","19069","5696","29.87"
"2022-07-19","18571","4165","22.43"
"2022-07-20","18853","3692","19.58"
"2022-07-21","19597","5974","30.48"
"2022-07-22","19774","4863","24.59"
"2022-07-23","16977","5527","32.56"
"2022-07-24","19003","6498","34.19"
"2022-07-25","18709","6504","34.76"
"2022-07-26","18198","4941","27.15"
"2022-07-27","18786","4206","22.39"
"2022-07-28","19430","4612","23.74"
"2022-07-29","19653","4934","25.11"
"2022-07-30","17426","3614","20.74"
"2022-07-31","19199","4603","23.98"
"2022-08-01","19679","3939","20.02"
"2022-08-02","18558","2298","12.38"
"2022-08-03","18268","3551","19.44"
"2022-08-04","18482","5849","31.65"
"2022-08-05","18202","6394","35.13"
"2022-08-06","16907","5033","29.77"
"2022-08-07","18627","5993","32.17"
"2022-08-08","19256","5304","27.54"
"2022-08-09","18374","4698","25.57"
"2022-08-10","17626","5016","28.46"
"2022-08-11","19117","5426","28.38"
"2022-08-12","19513","4777","24.48"
"2022-08-13","17331","3216","18.56"
"2022-08-14","19204","4082","21.26"
"2022-08-15","19389","4072","21.00"
"2022-08-16","18448","2652","14.38"
"2022-08-17","18439","3123","16.94"
"2022-08-18","19246","4334","22.52"
"2022-08-19","19358","4673","24.14"
"2022-08-20","16978","3498","20.60"
"2022-08-21","18275","5802","31.75"
"2022-08-22","17996","6091","33.85"
"2022-08-23","17969","3261","18.15"
"2022-08-24","18444","2561","13.89"
"2022-08-25","19422","2808","14.46"
"2022-08-26","19286","3451","17.89"
"2022-08-27","17103","2304","13.47"
"2022-08-28","19060","3590","18.84"
"2022-08-29","18898","4276","22.63"
"2022-08-30","17664","3556","20.13"
"2022-08-31","18500","2892","15.63"
"2022-09-01","19229","3493","18.17"
"2022-09-02","19458","3719","19.11"
"2022-09-03","16089","2498","15.53"
"2022-09-04","17056","2561","15.02"
"2022-09-05","19416","2612","13.45"
"2022-09-06","18198","2690","14.78"
"2022-09-07","17609","2615","14.85"
"2022-09-08","19000","3412","17.96"
"2022-09-09","19040","3933","20.66"
"2022-09-10","16452","2602","15.82"
"2022-09-11","18987","4445","23.41"
"2022-09-12","19308","3923","20.32"
"2022-09-13","17866","2203","12.33"
"2022-09-14","18021","2485","13.79"
"2022-09-15","19596","2913","14.87"
"2022-09-16","19384","2575","13.28"
"2022-09-17","16274","2181","13.40"
"2022-09-18","18768","2997","15.97"
"2022-09-19","19200","3852","20.06"
"2022-09-20","17777","2283","12.84"
"2022-09-21","17920","2840","15.85"
"2022-09-22","19243","5034","26.16"
"2022-09-23","19376","3560","18.37"
"2022-09-24","16381","1860","11.35"
"2022-09-25","18879","3591","19.02"
"2022-09-26","19512","3229","16.55"
"2022-09-27","17766","1953","10.99"
"2022-09-28","16311","2707","16.60"
"2022-09-29","17753","2465","13.88"
"2022-09-30","17859","3644","20.40"
"2022-10-01","15843","2669","16.85"
"2022-10-02","18750","3318","17.70"
"2022-10-03","19205","2976","15.50"
"2022-10-04","17751","3407","19.19"
"2022-10-05","17986","2790","15.51"
"2022-10-06","19210","2214","11.53"
"2022-10-07","19243","2598","13.50"
"2022-10-08","16534","1961","11.86"
"2022-10-09","18893","2876","15.22"
"2022-10-10","19151","2251","11.75"
"2022-10-11","18087","1789","9.89"
"2022-10-12","18242","2966","16.26"
"2022-10-13","19197","4269","22.24"
"2022-10-14","19318","3856","19.96"
"2022-10-15","16464","2739","16.64"
"2022-10-16","18871","3182","16.86"
"2022-10-17","19134","3384","17.69"
"2022-10-18","18014","2530","14.04"
"2022-10-19","18223","2216","12.16"
"2022-10-20","19342","2610","13.49"
"2022-10-21","19326","2558","13.24"
"2022-10-22","16531","2288","13.84"
"2022-10-23","18870","3353","17.77"
"2022-10-24","18825","4298","22.83"
"2022-10-25","17410","3948","22.68"
"2022-10-26","18094","3635","20.09"
"2022-10-27","19334","2732","14.13"
"2022-10-28","18917","4356","23.03"
"2022-10-29","15895","1870","11.76"
"2022-10-30","18350","2255","12.29"
"2022-10-31","17482","2163","12.37"
"2022-11-01","18001","2257","12.54"
"2022-11-02","18159","2173","11.97"
"2022-11-03","18906","2971","15.71"
"2022-11-04","18055","6046","33.49"
"2022-11-05","15504","3802","24.52"
"2022-11-06","18326","3056","16.68"
"2022-11-07","18399","2738","14.88"
"2022-11-08","17530","2693","15.36"
"2022-11-09","17344","2062","11.89"
"2022-11-10","17844","2247","12.59"
"2022-11-11","18561","4482","24.15"
"2022-11-12","16469","2682","16.29"
"2022-11-13","18918","3566","18.85"
"2022-11-14","18978","3261","17.18"
"2022-11-15","18028","3801","21.08"
"2022-11-16","18129","3804","20.98"
"2022-11-17","18928","5060","26.73"
"2022-11-18","18972","5016","26.44"
"2022-11-19","16884","3878","22.97"
"2022-11-20","19144","4534","23.68"
"2022-11-21","19074","2803","14.70"
"2022-11-22","18980","2709","14.27"
"2022-11-23","19262","2715","14.10"
"2022-11-24","12071","1814","15.03"
"2022-11-25","16664","1932","11.59"
"2022-11-26","18036","3106","17.22"
"2022-11-27","19542","5051","25.85"
"2022-11-28","19384","3872","19.98"
"2022-11-29","17818","3889","21.83"
"2022-11-30","17289","4258","24.63"
"2022-12-01","18359","3465","18.87"
"2022-12-02","18473","3282","17.77"
"2022-12-03","16033","2695","16.81"
"2022-12-04","18473","3956","21.42"
"2022-12-05","18615","3470","18.64"
"2022-12-06","17585","2204","12.53"
"2022-12-07","17730","2845","16.05"
"2022-12-08","18584","2978","16.02"
"2022-12-09","18623","3204","17.20"
"2022-12-10","16112","3230","20.05"
"2022-12-11","18328","4359","23.78"
"2022-12-12","18465","3750","20.31"
"2022-12-13","17187","4895","28.48"
"2022-12-14","17585","3566","20.28"
"2022-12-15","18579","5963","32.10"
"2022-12-16","18918","6483","34.27"
"2022-12-17","16940","5038","29.74"
"2022-12-18","18497","4484","24.24"
"2022-12-19","18591","4851","26.09"
"2022-12-20","18118","4371","24.13"
"2022-12-21","18299","5801","31.70"
"2022-12-22","16555","8193","49.49"
"2022-12-23","13759","8550","62.14"
"2022-12-24","11513","6393","55.53"
"2022-12-25","11934","5154","43.19"
"2022-12-26","14468","6841","47.28"
"2022-12-27","15095","5843","38.71"
"2022-12-28","15262","4317","28.29"
"2022-12-29","15847","3862","24.37"
"2022-12-30","18180","4592","25.26"
"2022-12-31","14509","3772","26.00"
"2023-01-01","15470","4018","25.97"
"2023-01-02","17100","6822","39.89"
"2023-01-03","16862","6559","38.90"
"2023-01-04","16088","5664","35.21"
"2023-01-05","16773","4107","24.49"
"2023-01-06","16964","2503","14.75"
"2023-01-07","15518","2379","15.33"
"2023-01-08","17681","2836","16.04"
"2023-01-09","18072","2401","13.29"
"2023-01-10","16857","2487","14.75"
"2023-01-11","15999","9877","61.74"
"2023-01-12","18191","4788","26.32"
"2023-01-13","18320","4556","24.87"
"2023-01-14","14771","2462","16.67"
"2023-01-15","16881","2795","16.56"
"2023-01-16","17991","3706","20.60"
"2023-01-17","16895","1677","9.93"
"2023-01-18","16833","2448","14.54"
"2023-01-19","18295","3193","17.45"
"2023-01-20","18429","2705","14.68"
"2023-01-21","15309","2047","13.37"
"2023-01-22","17949","4481","24.97"
"2023-01-23","17918","3340","18.64"
"2023-01-24","16965","2296","13.53"
"2023-01-25","16824","4275","25.41"
"2023-01-26","18395","3931","21.37"
"2023-01-27","18394","3095","16.83"
"2023-01-28","15149","2424","16.00"
"2023-01-29","17881","4652","26.02"
"2023-01-30","17084","4315","25.26"
"2023-01-31","15339","3874","25.26"
"2023-02-01","15218","2999","19.71"
"2023-02-02","17797","3251","18.27"
"2023-02-03","18321","3873","21.14"
"2023-02-04","15530","2821","18.16"
"2023-02-05","17969","2970","16.53"
"2023-02-06","18414","1833","9.95"
"2023-02-07","17149","1118","6.52"
"2023-02-08","17308","1880","10.86"
"2023-02-09","18465","2700","14.62"
"2023-02-10","18682","2840","15.20"
"2023-02-11","15908","1907","11.99"
"2023-02-12","17734","2130","12.01"
"2023-02-13","18328","2957","16.13"
"2023-02-14","16950","2279","13.45"
"2023-02-15","17342","3296","19.01"
"2023-02-16","18417","4787","25.99"
"2023-02-17","18762","5235","27.90"
"2023-02-18","15990","2399","15.00"
"2023-02-19","17861","2240","12.54"
"2023-02-20","18973","2999","15.81"
"2023-02-21","17834","3182","17.84"
"2023-02-22","16690","5217","31.26"
"2023-02-23","18078","5555","30.73"
"2023-02-24","18513","6342","34.26"
"2023-02-25","16076","4524","28.14"
"2023-02-26","18300","4339","23.71"
"2023-02-27","18555","3799","20.47"
"2023-02-28","17583","3497","19.89"
"2023-03-01","17834","3964","22.23"
"2023-03-02","18443","3926","21.29"
"2023-03-03","18320","4482","24.47"
"2023-03-04","15796","3246","20.55"
"2023-03-05","18485","4109","22.23"
"2023-03-06","19064","3353","17.59"
"2023-03-07","17824","2589","14.53"
"2023-03-08","18124","2713","14.97"
"2023-03-09","19269","4505","23.38"
"2023-03-10","19306","6699","34.70"
"2023-03-11","16800","5195","30.92"
"2023-03-12","18613","6859","36.85"
"2023-03-13","19309","6107","31.63"
"2023-03-14","17303","4741","27.40"
"2023-03-15","18420","4722","25.64"
"2023-03-16","18982","4087","21.53"
"2023-03-17","19414","4141","21.33"
"2023-03-18","17057","4462","26.16"
"2023-03-19","18867","4041","21.42"
"2023-03-20","19515","3151","16.15"
"2023-03-21","18078","3620","20.02"
"2023-03-22","18587","3104","16.70"
"2023-03-23","19530","4319","22.11"
"2023-03-24","19451","4849","24.93"
"2023-03-25","16834","4967","29.51"
"2023-03-26","18457","6933","37.56"
"2023-03-27","19262","6035","31.33"
"2023-03-28","18137","3447","19.01"
"2023-03-29","18465","3073","16.64"
"2023-03-30","19326","3678","19.03"
"2023-03-31","18661","4927","26.40"
"2023-04-01","16134","5860","36.32"
"2023-04-02","18158","4311","23.74"
"2023-04-03","19207","3765","19.60"
"2023-04-04","17922","3650","20.37"
"2023-04-05","17835","6913","38.76"
"2023-04-06","19281","5251","27.23"
"2023-04-07","19427","3719","19.14"
"2023-04-08","16774","2501","14.91"
"2023-04-09","18506","2780","15.02"
"2023-04-10","19422","3448","17.75"
"2023-04-11","18354","2484","13.53"
"2023-04-12","18418","2237","12.15"
"2023-04-13","18883","3292","17.43"
"2023-04-14","19238","4088","21.25"
"2023-04-15","16203","4259","26.29"
"2023-04-16","18631","5186","27.84"
"2023-04-17","19229","5432","28.25"
"2023-04-18","18232","4596","25.21"
"2023-04-19","18416","3379","18.35"
"2023-04-20","18581","5680","30.57"
"2023-04-21","19369","4269","22.04"
"2023-04-22","16261","4520","27.80"
"2023-04-23","18907","4243","22.44"
"2023-04-24","19473","3216","16.52"
"2023-04-25","18053","3120","17.28"
"2023-04-26","18197","4001","21.99"
"2023-04-27","19291","5028","26.06"
"2023-04-28","19169","4822","25.16"
"2023-04-29","16323","3568","21.86"
"2023-04-30","18355","6264","34.13"
"2023-05-01","19199","3862","20.12"
"2023-05-02","18211","2033","11.16"
"2023-05-03","18610","1959","10.53"
"2023-05-04","19379","3355","17.31"
"2023-05-05","19342","3445","17.81"
"2023-05-06","16401","2300","14.02"
"2023-05-07","18875","4411","23.37"
"2023-05-08","19377","3761","19.41"
"2023-05-09","18201","2796","15.36"
"2023-05-10","18477","3486","18.87"
"2023-05-11","19418","4333","22.31"
"2023-05-12","19323","4272","22.11"
"2023-05-13","16403","3135","19.11"
"2023-05-14","18633","4109","22.05"
"2023-05-15","19389","3810","19.65"
"2023-05-16","18186","3045","16.74"
"2023-05-17","18567","2862","15.41"
"2023-05-18","19355","4286","22.14"
"2023-05-19","18986","4516","23.79"
"2023-05-20","16401","2869","17.49"
"2023-05-21","18924","3326","17.58"
"2023-05-22","19443","4060","20.88"
"2023-05-23","18286","3088","16.89"
"2023-05-24","18608","4024","21.63"
"2023-05-25","19482","3610","18.53"
"2023-05-26","19524","4265","21.84"
"2023-05-27","16133","2258","14.00"
"2023-05-28","17763","1806","10.17"
"2023-05-29","19565","2895","14.80"
"2023-05-30","18322","2925","15.96"
"2023-05-31","18647","3217","17.25"
"2023-06-01","19471","4132","21.22"
"2023-06-02","19529","4420","22.63"
"2023-06-03","16914","3891","23.00"
"2023-06-04","19184","4148","21.62"
"2023-06-05","19803","3769","19.03"
"2023-06-06","18544","4040","21.79"
"2023-06-07","18790","3818","20.32"
"2023-06-08","19773","4377","22.14"
"2023-06-09","19893","4198","21.10"
"2023-06-10","17272","3826","22.15"
"2023-06-11","18997","5214","27.45"
"2023-06-12","19421","6355","32.72"
"2023-06-13","18568","5214","28.08"
"2023-06-14","18661","5198","27.85"
"2023-06-15","19749","5975","30.25"
"2023-06-16","19481","6640","34.08"
"2023-06-17","17160","4785","27.88"
"2023-06-18","19057","4635","24.32"
"2023-06-19","19508","4511","23.12"
"2023-06-20","18465","4260","23.07"
"2023-06-21","18598","5628","30.26"
"2023-06-22","19495","6654","34.13"
"2023-06-23","19679","7209","36.63"
"2023-06-24","17172","4620","26.90"
"2023-06-25","17919","6556","36.59"
"2023-06-26","17932","5950","33.18"
"2023-06-27","16818","5264","31.30"
"2023-06-28","18146","4948","27.27"
"2023-06-29","19323","5768","29.85"
"2023-06-30","19482","6265","32.16"
"2023-07-01","17503","5457","31.18"
"2023-07-02","17986","5449","30.30"
"2023-07-03","17561","3135","17.85"
"2023-07-04","16169","2699","16.69"
"2023-07-05","18779","5224","27.82"
"2023-07-06","19347","5202","26.89"
"2023-07-07","18974","5819","30.67"
"2023-07-08","17749","5719","32.22"
"2023-07-09","17810","5787","32.49"
"2023-07-10","19758","5922","29.97"
"2023-07-11","19044","4526","23.77"
"2023-07-12","19134","4339","22.68"
"2023-07-13","20193","4501","22.29"
"2023-07-14","19284","7150","37.08"
"2023-07-15","17707","5862","33.11"
"2023-07-16","18313","7304","39.88"
"2023-07-17","20027","6231","31.11"
"2023-07-18","18609","5121","27.52"
"2023-07-19","19387","4644","23.95"
"2023-07-20","19945","5828","29.22"
"2023-07-21","19995","6348","31.75"
"2023-07-22","18089","4376","24.19"
"2023-07-23","19556","5949","30.42"
"2023-07-24","20220","5783","28.60"
"2023-07-25","18414","4494","24.41"
"2023-07-26","19287","5435","28.18"
"2023-07-27","19684","4931","25.05"
"2023-07-28","19694","7112","36.11"
"2023-07-29","17331","5783","33.37"
"2023-07-30","19476","5463","28.05"
"2023-07-31","20033","5487","27.39"
"2023-08-01","18890","3604","19.08"
"2023-08-02","19413","3524","18.15"
"2023-08-03","20153","4529","22.47"
"2023-08-04","20080","5428","27.03"
"2023-08-05","17910","3983","22.24"
"2023-08-06","19010","6192","32.57"
"2023-08-07","18607","6643","35.70"
"2023-08-08","18930","4877","25.76"
"2023-08-09","19333","3597","18.61"
"2023-08-10","20143","5958","29.58"
"2023-08-11","20206","4748","23.50"
"2023-08-12","17781","4741","26.66"
"2023-08-13","19584","4845","24.74"
"2023-08-14","19702","5334","27.07"
"2023-08-15","18821","4425","23.51"
"2023-08-16","19073","3017","15.82"
"2023-08-17","19675","5820","29.58"
"2023-08-18","19555","5153","26.35"
"2023-08-19","17372","3003","17.29"
"2023-08-20","18578","3617","19.47"
"2023-08-21","19621","3358","17.11"
"2023-08-22","18910","1960","10.36"
"2023-08-23","19037","2306","12.11"
"2023-08-24","19643","4055","20.64"
"2023-08-25","19710","4391","22.28"
"2023-08-26","17452","2133","12.22"
"2023-08-27","19262","4087","21.22"
"2023-08-28","19623","3652","18.61"
"2023-08-29","18364","2879","15.68"
"2023-08-30","18039","3382","18.75"
"2023-08-31","19665","3198","16.26"
"2023-09-01","19705","4436","22.51"
"2023-09-02","16261","1953","12.01"
"2023-09-03","16856","2055","12.19"
"2023-09-04","19749","2432","12.31"
"2023-09-05","18077","1943","10.75"
"2023-09-06","17828","2249","12.61"
"2023-09-07","19050","3755","19.71"
"2023-09-08","18409","5178","28.13"
"2023-09-09","15568","3704","23.79"
"2023-09-10","18465","5250","28.43"
"2023-09-11","19352","4931","25.48"
"2023-09-12","18068","2562","14.18"
"2023-09-13","18503","2922","15.79"
"2023-09-14","20116","4833","24.03"
"2023-09-15","20038","3872","19.32"
"2023-09-16","16730","2220","13.27"
"2023-09-17","19923","3452","17.33"
"2023-09-18","20183","3257","16.14"
"2023-09-19","18188","2636","14.49"
"2023-09-20","18613","3024","16.25"
"2023-09-21","20272","4143","20.44"
"2023-09-22","20182","4516","22.38"
"2023-09-23","16899","2979","17.63"
"2023-09-24","19865","4451","22.41"
"2023-09-25","20046","5117","25.53"
"2023-09-26","18289","3509","19.19"
"2023-09-27","18676","2220","11.89"
"2023-09-28","20309","3359","16.54"
"2023-09-29","19673","5087","25.86"
"2023-09-30","16994","2654","15.62"
"2023-10-01","19831","4023","20.29"
"2023-10-02","20133","2707","13.45"
"2023-10-03","18251","2156","11.81"
"2023-10-04","18325","2070","11.30"
"2023-10-05","20296","3664","18.05"
"2023-10-06","20273","3704","18.27"
"2023-10-07","17251","2801","16.24"
"2023-10-08","19933","3042","15.26"
"2023-10-09","20288","2887","14.23"
"2023-10-10","19022","1784","9.38"
"2023-10-11","19191","2783","14.50"
"2023-10-12","20337","4879","23.99"
"2023-10-13","20276","3629","17.90"
"2023-10-14","17203","2430","14.13"
"2023-10-15","19959","2959","14.83"
"2023-10-16","20311","2645","13.02"
"2023-10-17","19017","1787","9.40"
"2023-10-18","19207","2243","11.68"
"2023-10-19","20370","4139","20.32"
"2023-10-20","20171","3535","17.53"
"2023-10-21","17122","1908","11.14"
"2023-10-22","19873","3188","16.04"
"2023-10-23","20240","2580","12.75"
"2023-10-24","18859","2462","13.05"
"2023-10-25","18810","2790","14.83"
"2023-10-26","20232","4046","20.00"
"2023-10-27","20202","3380","16.73"
"2023-10-28","16363","3126","19.10"
"2023-10-29","18770","4749","25.30"
"2023-10-30","18885","2854","15.11"
"2023-10-31","17002","2035","11.97"
"2023-11-01","18384","2308","12.55"
"2023-11-02","19765","2628","13.30"
"2023-11-03","19708","2278","11.56"
"2023-11-04","16752","1547","9.23"
"2023-11-05","19313","2491","12.90"
"2023-11-06","19709","2315","11.75"
"2023-11-07","18509","1413","7.63"
"2023-11-08","18682","1749","9.36"
"2023-11-09","19839","2925","14.74"
"2023-11-10","19755","2243","11.35"
"2023-11-11","16727","1462","8.74"
"2023-11-12","19558","2381","12.17"
"2023-11-13","19756","2179","11.03"
"2023-11-14","18609","1798","9.66"
"2023-11-15","18720","2553","13.64"
"2023-11-16","19827","2905","14.65"
"2023-11-17","19869","3143","15.82"
"2023-11-18","17130","2416","14.10"
"2023-11-19","19693","3555","18.05"
"2023-11-20","19514","3256","16.69"
"2023-11-21","19671","4013","20.40"
"2023-11-22","20038","2766","13.80"
"2023-11-23","11412","534","4.68"
"2023-11-24","17047","1945","11.41"
"2023-11-25","19303","3116","16.14"
"2023-11-26","20511","5926","28.89"
"2023-11-27","20269","3770","18.60"
"2023-11-28","17686","2671","15.10"
"2023-11-29","17621","1506","8.55"
"2023-11-30","19036","2556","13.43"
"2023-12-01","19018","2660","13.99"
"2023-12-02","16076","2081","12.94"
"2023-12-03","18893","3476","18.40"
"2023-12-04","19028","2329","12.24"
"2023-12-05","17453","1584","9.08"
"2023-12-06","17645","1709","9.69"
"2023-12-07","19388","2169","11.19"
"2023-12-08","19353","2027","10.47"
"2023-12-09","16052","2245","13.99"
"2023-12-10","19094","5012","26.25"
"2023-12-11","19147","2642","13.80"
"2023-12-12","17701","1351","7.63"
"2023-12-13","17934","1652","9.21"
"2023-12-14","19424","2362","12.16"
"2023-12-15","19513","2374","12.17"
"2023-12-16","16421","2442","14.87"
"2023-12-17","18506","3567","19.27"
"2023-12-18","18191","3572","19.64"
"2023-12-19","18086","2642","14.61"
"2023-12-20","18982","2976","15.68"
"2023-12-21","19666","2930","14.90"
"2023-12-22","19726","3793","19.23"
"2023-12-23","18462","3673","19.89"
"2023-12-24","15544","2676","17.22"
"2023-12-25","16127","2043","12.67"
"2023-12-26","18993","5250","27.64"
"2023-12-27","18984","5165","27.21"
"2023-12-28","19134","4172","21.80"
"2023-12-29","19227","3381","17.58"
"2023-12-30","18458","2894","15.68"
"2023-12-31","16715","2304","13.78"
"2024-01-01","17241","1954","11.33"
"2024-01-02","18922","3494","18.47"
"2024-01-03","18484","3336","18.05"
"2024-01-04","17976","2120","11.79"
"2024-01-05","18077","2478","13.71"
"2024-01-06","16520","4987","30.19"
"2024-01-07","18145","5213","28.73"
"2024-01-08","17682","5228","29.57"
"2024-01-09","15263","6895","45.17"
"2024-01-10","16216","3330","20.54"
"2024-01-11","18002","3783","21.01"
"2024-01-12","16570","6513","39.31"
"2024-01-13","14427","5212","36.13"
"2024-01-14","16129","6249","38.74"
"2024-01-15","15563","7748","49.78"
"2024-01-16","14384","7405","51.48"
"2024-01-17","15863","4274","26.94"
"2024-01-18","18045","3576","19.82"
"2024-01-19","17683","6592","37.28"
"2024-01-20","15208","2961","19.47"
"2024-01-21","18232","3485","19.11"
"2024-01-22","17706","4429","25.01"
"2024-01-23","15895","3355","21.11"
"2024-01-24","16163","3508","21.70"
"2024-01-25","17856","4084","22.87"
"2024-01-26","18278","3456","18.91"
"2024-01-27","15214","2127","13.98"
"2024-01-28","18489","3175","17.17"
"2024-01-29","18244","2219","12.16"
"2024-01-30","16280","1726","10.60"
"2024-01-31","16613","1498","9.02"
"2024-02-01","18232","2703","14.83"
"2024-02-02","18362","2645","14.40"
"2024-02-03","15231","2520","16.55"
"2024-02-04","17837","5013","28.10"
"2024-02-05","18186","3365","18.50"
"2024-02-06","16276","1708","10.49"
"2024-02-07","16657","1581","9.49"
"2024-02-08","18460","2591","14.04"
"2024-02-09","18544","2309","12.45"
"2024-02-10","15528","2377","15.31"
"2024-02-11","17993","2646","14.71"
"2024-02-12","18070","3228","17.86"
"2024-02-13","15127","1919","12.69"
"2024-02-14","16734","1571","9.39"
"2024-02-15","18971","2895","15.26"
"2024-02-16","19014","4100","21.56"
"2024-02-17","16316","4864","29.81"
"2024-02-18","18307","3470","18.95"
"2024-02-19","19006","3288","17.30"
"2024-02-20","17631","2239","12.70"
"2024-02-21","17846","2096","11.74"
"2024-02-22","19091","2767","14.49"
"2024-02-23","19151","2321","12.12"
"2024-02-24","16447","2064","12.55"
"2024-02-25","19084","2545","13.34"
"2024-02-26","19050","3220","16.90"
"2024-02-27","17318","3430","19.81"
"2024-02-28","17798","3649","20.50"
"2024-02-29","19002","2912","15.32"
"2024-03-01","19050","3315","17.40"
"2024-03-02","16197","3818","23.57"
"2024-03-03","18809","5215","27.73"
"2024-03-04","18996","2774","14.60"
"2024-03-05","17554","2247","12.80"
"2024-03-06","17934","2477","13.81"
"2024-03-07","19365","4309","22.25"
"2024-03-08","19704","5056","25.66"
"2024-03-09","16586","4997","30.13"
"2024-03-10","19312","5663","29.32"
"2024-03-11","19912","3795","19.06"
"2024-03-12","18506","1829","9.88"
"2024-03-13","18716","2426","12.96"
"2024-03-14","18957","4940","26.06"
"2024-03-15","19824","6019","30.36"
"2024-03-16","17529","4059","23.16"
"2024-03-17","19738","4551","23.06"
"2024-03-18","20055","4324","21.56"
"2024-03-19","18564","1928","10.39"
"2024-03-20","18823","2495","13.26"
"2024-03-21","20000","3507","17.54"
"2024-03-22","19994","5130","25.66"
"2024-03-23","17301","5144","29.73"
"2024-03-24","19451","4879","25.08"
"2024-03-25","19972","4119","20.62"
"2024-03-26","18553","3328","17.94"
"2024-03-27","18641","4816","25.84"
"2024-03-28","20060","5351","26.67"
"2024-03-29","20061","3500","17.45"
"2024-03-30","17643","2851","16.16"
"2024-03-31","19606","3170","16.17"
"2024-04-01","19934","4082","20.48"
"2024-04-02","18510","3456","18.67"
"2024-04-03","17729","5381","30.35"
"2024-04-04","19915","5134","25.78"
"2024-04-05","20227","3772","18.65"
"2024-04-06","17871","2609","14.60"
"2024-04-07","19917","2896","14.54"
"2024-04-08","20212","3174","15.70"
"2024-04-09","18542","3559","19.19"
"2024-04-10","18823","4149","22.04"
"2024-04-11","19830","6292","31.73"
"2024-04-12","20110","5326","26.48"
"2024-04-13","17175","2732","15.91"
"2024-04-14","19814","3307","16.69"
"2024-04-15","20158","3315","16.45"
"2024-04-16","18564","2852","15.36"
"2024-04-17","18928","3220","17.01"
"2024-04-18","20213","4273","21.14"
"2024-04-19","20234","3406","16.83"
"2024-04-20","16370","4376","26.73"
"2024-04-21","19786","4199","21.22"
"2024-04-22","20261","3012","14.87"
"2024-04-23","18615","1958","10.52"
"2024-04-24","19001","2094","11.02"
"2024-04-25","20254","3422","16.90"
"2024-04-26","20149","5089","25.26"
"2024-04-27","17126","2877","16.80"
"2024-04-28","19860","4697","23.65"
"2024-04-29","20229","3042","15.04"
"2024-04-30","18578","2253","12.13"
"2024-05-01","19007","2586","13.61"
"2024-05-02","20022","4815","24.05"
"2024-05-03","20226","4450","22.00"
"2024-05-04","17172","3353","19.53"
"2024-05-05","19888","5698","28.65"
"2024-05-06","20227","5268","26.04"
"2024-05-07","18670","5115","27.40"
"2024-05-08","19029","5355","28.14"
"2024-05-09","20118","7262","36.10"
"2024-05-10","20268","6625","32.69"
"2024-05-11","17302","3018","17.44"
"2024-05-12","19812","4621","23.32"
"2024-05-13","20207","5443","26.94"
"2024-05-14","18983","4160","21.91"
"2024-05-15","18763","5321","28.36"
"2024-05-16","19768","6348","32.11"
"2024-05-17","20393","5655","27.73"
"2024-05-18","17417","4793","27.52"
"2024-05-19","20127","5105","25.36"
"2024-05-20","20264","4692","23.15"
"2024-05-21","19131","4859","25.40"
"2024-05-22","18988","4898","25.80"
"2024-05-23","20492","6600","32.21"
"2024-05-24","20325","6454","31.75"
"2024-05-25","17200","3841","22.33"
"2024-05-26","18193","4520","24.84"
"2024-05-27","19983","6355","31.80"
"2024-05-28","18296","5633","30.79"
"2024-05-29","19070","5353","28.07"
"2024-05-30","19691","4714","23.94"
"2024-05-31","20194","5366","26.57"
"2024-06-01","17359","4266","24.58"
"2024-06-02","19835","5011","25.26"
"2024-06-03","20545","4591","22.35"
"2024-06-04","19352","4084","21.10"
"2024-06-05","19288","6546","33.94"
"2024-06-06","20755","5824","28.06"
"2024-06-07","21092","5195","24.63"
"2024-06-08","18863","3719","19.72"
"2024-06-09","20784","4895","23.55"
"2024-06-10","21084","4227","20.05"
"2024-06-11","19745","4632","23.46"
"2024-06-12","19334","4031","20.85"
"2024-06-13","20547","4728","23.01"
"2024-06-14","20775","5944","28.61"
"2024-06-15","18786","3939","20.97"
"2024-06-16","20712","4838","23.36"
"2024-06-17","21117","4966","23.52"
"2024-06-18","19866","3853","19.39"
"2024-06-19","20189","3959","19.61"
"2024-06-20","20980","4465","21.28"
"2024-06-21","21077","4939","23.43"
"2024-06-22","18605","4609","24.77"
"2024-06-23","20298","5993","29.53"
"2024-06-24","21026","6135","29.18"
"2024-06-25","19599","6311","32.20"
"2024-06-26","19677","6215","31.59"
"2024-06-27","20785","5866","28.22"
"2024-06-28","21100","5171","24.51"
"2024-06-29","18861","4808","25.49"
"2024-06-30","19236","6185","32.15"
"2024-07-01","19993","4430","22.16"
"2024-07-02","19640","3173","16.16"
"2024-07-03","20448","3304","16.16"
"2024-07-04","16903","1718","10.16"
"2024-07-05","18785","3994","21.26"
"2024-07-06","18923","4881","25.79"
"2024-07-07","20597","6263","30.41"
"2024-07-08","20184","5633","27.91"
"2024-07-09","19915","5154","25.88"
"2024-07-10","20085","5395","26.86"
"2024-07-11","21215","5410","25.50"
"2024-07-12","21064","7735","36.72"
"2024-07-13","18884","4982","26.38"
"2024-07-14","20423","7145","34.99"
"2024-07-15","20827","7004","33.63"
"2024-07-16","19818","6207","31.32"
"2024-07-17","19420","6685","34.42"
"2024-07-18","20304","7584","37.35"
"2024-07-19","17886","10423","58.27"
"2024-07-20","17039","6506","38.18"
"2024-07-21","18941","7854","41.47"
"2024-07-22","19567","8733","44.63"
"2024-07-23","19153","7140","37.28"
"2024-07-24","20034","6889","34.39"
"2024-07-25","21248","5815","27.37"
"2024-07-26","21349","5450","25.53"
"2024-07-27","19081","3753","19.67"
"2024-07-28","20951","5823","27.79"
"2024-07-29","21198","6272","29.59"
"2024-07-30","19936","4992","25.04"
"2024-07-31","20127","5518","27.42"
"2024-08-01","21245","5632","26.51"
"2024-08-02","20419","6556","32.11"
"2024-08-03","17657","5876","33.28"
"2024-08-04","18707","6857","36.65"
"2024-08-05","19247","6902","35.86"
"2024-08-06","17959","4880","27.17"
"2024-08-07","19316","5171","26.77"
"2024-08-08","20912","7120","34.05"
"2024-08-09","20307","7544","37.15"
"2024-08-10","18070","4226","23.39"
"2024-08-11","20953","4918","23.47"
"2024-08-12","20977","3600","17.16"
"2024-08-13","19097","2787","14.59"
"2024-08-14","19246","2889","15.01"
"2024-08-15","20835","4255","20.42"
"2024-08-16","20866","4084","19.57"
"2024-08-17","17741","4261","24.02"
"2024-08-18","19757","5504","27.86"
"2024-08-19","20135","5601","27.82"
"2024-08-20","18804","2788","14.83"
"2024-08-21","19178","2558","13.34"
"2024-08-22","20750","5060","24.39"
"2024-08-23","20899","4418","21.14"
"2024-08-24","17666","2374","13.44"
"2024-08-25","20770","3263","15.71"
"2024-08-26","20185","3680","18.23"
"2024-08-27","17534","2365","13.49"
"2024-08-28","18060","2408","13.33"
"2024-08-29","20269","5633","27.79"
"2024-08-30","20471","5888","28.76"
"2024-08-31","16271","2714","16.68"
"2024-09-01","17567","3031","17.25"
"2024-09-02","20507","3739","18.23"
"2024-09-03","18204","1988","10.92"
"2024-09-04","17584","2129","12.11"
"2024-09-05","19824","2596","13.10"
"2024-09-06","20039","2710","13.52"
"2024-09-07","16629","1774","10.67"
"2024-09-08","20841","3453","16.57"
"2024-09-09","20702","2701","13.05"
"2024-09-10","17969","1691","9.41"
"2024-09-11","17946","2135","11.90"
"2024-09-12","20774","3160","15.21"
"2024-09-13","20751","2703","13.03"
"2024-09-14","16833","1684","10.00"
"2024-09-15","20927","3878","18.53"
"2024-09-16","20718","3208","15.48"
"2024-09-17","17958","2011","11.20"
"2024-09-18","18147","1847","10.18"
"2024-09-19","20862","3933","18.85"
"2024-09-20","20735","4490","21.65"
"2024-09-21","16803","2228","13.26"
"2024-09-22","20950","4294","20.50"
"2024-09-23","20648","3868","18.73"
"2024-09-24","17934","2271","12.66"
"2024-09-25","18053","3533","19.57"
"2024-09-26","19876","4159","20.92"
"2024-09-27","19911","5423","27.24"
"2024-09-28","16872","2296","13.61"
"2024-09-29","20941","4011","19.15"
"2024-09-30","20757","2734","13.17"
"2024-10-01","18050","1996","11.06"
"2024-10-02","18333","1714","9.35"
"2024-10-03","21191","3053","14.41"
"2024-10-04","21119","3097","14.66"
"2024-10-05","17084","1959","11.47"
"2024-10-06","21139","3742","17.70"
"2024-10-07","21186","3605","17.02"
"2024-10-08","18358","1772","9.65"
"2024-10-09","17640","1387","7.86"
"2024-10-10","19505","2553","13.09"
"2024-10-11","20978","3830","18.26"
"2024-10-12","17428","1962","11.26"
"2024-10-13","21245","3040","14.31"
"2024-10-14","21375","3461","16.19"
"2024-10-15","18989","2041","10.75"
"2024-10-16","19312","2306","11.94"
"2024-10-17","21452","3822","17.82"
"2024-10-18","21415","4182","19.53"
"2024-10-19","17548","1919","10.94"
"2024-10-20","21301","3322","15.60"
"2024-10-21","21422","2454","11.46"
"2024-10-22","19026","1504","7.90"
"2024-10-23","19264","1746","9.06"
"2024-10-24","21394","2749","12.85"
"2024-10-25","21384","3046","14.24"
"2024-10-26","17402","2155","12.38"
"2024-10-27","20518","3247","15.83"
"2024-10-28","20455","2567","12.55"
"2024-10-29","17738","1315","7.41"
"2024-10-30","18049","2092","11.59"
"2024-10-31","17214","2705","15.71"
"2024-11-01","20077","2444","12.17"
"2024-11-02","16827","1780","10.58"
"2024-11-03","19901","3650","18.34"
"2024-11-04","18613","2981","16.02"
"2024-11-05","15922","2082","13.08"
"2024-11-06","17646","2880","16.32"
"2024-11-07","20103","4754","23.65"
"2024-11-08","18883","3967","21.01"
"2024-11-09","16200","2063","12.73"
"2024-11-10","20245","2344","11.58"
"2024-11-11","20737","2300","11.09"
"2024-11-12","18003","1401","7.78"
"2024-11-13","18121","1728","9.54"
"2024-11-14","20716","2474","11.94"
"2024-11-15","20739","2505","12.08"
"2024-11-16","16517","1467","8.88"
"2024-11-17","20777","2676","12.88"
"2024-11-18","20838","3031","14.55"
"2024-11-19","18026","1546","8.58"
"2024-11-20","18128","2446","13.49"
"2024-11-21","20802","5264","25.31"
"2024-11-22","21023","4442","21.13"
"2024-11-23","19352","3031","15.66"
"2024-11-24","21037","3136","14.91"
"2024-11-25","20948","2967","14.16"
"2024-11-26","21105","3260","15.45"
"2024-11-27","21239","3434","16.17"
"2024-11-28","11201","947","8.45"
"2024-11-29","17656","2351","13.32"
"2024-11-30","20551","4549","22.14"
"2024-12-01","21690","4973","22.93"
"2024-12-02","21234","4632","21.81"
"2024-12-03","17925","2413","13.46"
"2024-12-04","17566","3514","20.00"
"2024-12-05","19213","4698","24.45"
"2024-12-06","19423","3687","18.98"
"2024-12-07","16166","1890","11.69"
"2024-12-08","19861","2648","13.33"
"2024-12-09","19397","2422","12.49"
"2024-12-10","17595","2889","16.42"
"2024-12-11","17576","4002","22.77"
"2024-12-12","19530","3788","19.40"
"2024-12-13","20224","3088","15.27"
"2024-12-14","16181","2251","13.91"
"2024-12-15","19918","3091","15.52"
"2024-12-16","19141","3630","18.96"
"2024-12-17","17947","1759","9.80"
"2024-12-18","18306","3747","20.47"
"2024-12-19","20162","4094","20.31"
"2024-12-20","20083","7073","35.22"
"2024-12-21","19223","6594","34.30"
"2024-12-22","20242","4587","22.66"
"2024-12-23","20354","3341","16.41"
"2024-12-24","15276","4077","26.69"
"2024-12-25","15561","1406","9.04"
"2024-12-26","19507","5911","30.30"
"2024-12-27","20119","5981","29.73"
"2024-12-28","19053","7219","37.89"
"2024-12-29","19777","8127","41.09"
"2024-12-30","20123","3652","18.15"
"2024-12-31","16459","2537","15.41"
"2025-01-01","16771","2566","15.30"
"2025-01-02","19431","3285","16.91"
"2025-01-03","19228","5165","26.86"
"2025-01-04","18257","5458","29.90"
"2025-01-05","18151","6014","33.13"
"2025-01-06","16816","6752","40.15"
"2025-01-07","15445","3877","25.10"
"2025-01-08","16071","2373","14.77"
"2025-01-09","15937","3833","24.05"
"2025-01-10","14983","4398","29.35"
"2025-01-11","14264","4008","28.10"
"2025-01-12","18261","4051","22.18"
"2025-01-13","17762","2008","11.31"
"2025-01-14","15738","1531","9.73"
"2025-01-15","16027","1103","6.88"
"2025-01-16","18469","2359","12.77"
"2025-01-17","18380","2262","12.31"
"2025-01-18","14661","1799","12.27"
"2025-01-19","15993","3806","23.80"
"2025-01-20","18135","5607","30.92"
"2025-01-21","14384","3067","21.32"
"2025-01-22","14876","2980","20.03"
"2025-01-23","17713","3502","19.77"
"2025-01-24","18029","2558","14.19"
"2025-01-25","14983","2187","14.60"
"2025-01-26","18630","2179","11.70"
"2025-01-27","17971","1635","9.10"
"2025-01-28","15891","936","5.89"
"2025-01-29","15968","1564","9.79"
"2025-01-30","17309","2454","14.18"
"2025-01-31","17735","2813","15.86"
"2025-02-01","14917","1768","11.85"
"2025-02-02","18361","3208","17.47"
"2025-02-03","17696","2985","16.87"
"2025-02-04","15835","1407","8.89"
"2025-02-05","16049","1906","11.88"
"2025-02-06","18310","4861","26.55"
"2025-02-07","18579","2570","13.83"
"2025-02-08","14717","2164","14.70"
"2025-02-09","17181","2891","16.83"
"2025-02-10","18580","2768","14.90"
"2025-02-11","15628","3098","19.82"
"2025-02-12","16209","5341","32.95"
"2025-02-13","19155","8121","42.40"
"2025-02-14","19531","5589","28.62"
"2025-02-15","16422","5647","34.39"
"2025-02-16","17613","7487","42.51"
"2025-02-17","19172","7385","38.52"
"2025-02-18","17270","4647","26.91"
"2025-02-19","16862","4865","28.85"
"2025-02-20","19091","5945","31.14"
"2025-02-21","19704","3407","17.29"
"2025-02-22","16786","2045","12.18"
"2025-02-23","19586","2694","13.75"
"2025-02-24","19199","2390","12.45"
"2025-02-25","17100","1466","8.57"
"2025-02-26","17466","1540","8.82"
"2025-02-27","19716","2826","14.33"
"2025-02-28","19741","2081","10.54"
"2025-03-01","16780","1952","11.63"
"2025-03-02","19528","2941","15.06"
"2025-03-03","19155","2622","13.69"
"2025-03-04","16136","2749","17.04"
"2025-03-05","16818","4161","24.74"
"2025-03-06","19888","3652","18.36"
"2025-03-07","20062","4749","23.67"
"2025-03-08","17753","3205","18.05"
"2025-03-09","20072","3935","19.60"
"2025-03-10","20225","3256","16.10"
"2025-03-11","18634","1649","8.85"
"2025-03-12","18977","2269","11.96"
"2025-03-13","20215","3510","17.36"
"2025-03-14","19698","3875","19.67"
"2025-03-15","17866","6419","35.93"
"2025-03-16","19245","8493","44.13"
"2025-03-17","20000","5603","28.02"
"2025-03-18","18540","2675","14.43"
"2025-03-19","18625","3378","18.14"
"2025-03-20","20302","4062","20.01"
"2025-03-21","20332","3403","16.74"
"2025-03-22","18270","2292","12.55"
"2025-03-23","20079","3335","16.61"
"2025-03-24","20242","3773","18.64"
"2025-03-25","18831","2356","12.51"
"2025-03-26","19091","2207","11.56"
"2025-03-27","20312","2681","13.20"
"2025-03-28","20268","3398","16.77"
"2025-03-29","18161","2808","15.46"
"2025-03-30","19252","7034","36.54"
"2025-03-31","18944","7592","40.08"
"2025-04-01","18530","3626","19.57"
"2025-04-02","18246","6154","33.73"
"2025-04-03","19679","6147","31.24"
"2025-04-04","20191","6362","31.51"
"2025-04-05","17578","4892","27.83"
"2025-04-06","19927","5332","26.76"
"2025-04-07","20244","5098","25.18"
"2025-04-08","18520","2959","15.98"
"2025-04-09","18855","2084","11.05"
"2025-04-10","20200","3727","18.45"
"2025-04-11","20207","4093","20.26"
"2025-04-12","17482","2149","12.29"
"2025-04-13","20240","3071","15.17"
"2025-04-14","20351","2787","13.69"
"2025-04-15","18559","1993","10.74"
"2025-04-16","18921","2413","12.75"
"2025-04-17","20363","4330","21.26"
"2025-04-18","20261","4245","20.95"
"2025-04-19","17549","2635","15.02"
"2025-04-20","20177","3825","18.96"
"2025-04-21","20323","3837","18.88"
"2025-04-22","18433","1660","9.01"
"2025-04-23","18756","4047","21.58"
"2025-04-24","19888","5317","26.73"
"2025-04-25","20354","5178","25.44"
"2025-04-26","17327","3102","17.90"
"2025-04-27","20348","3651","17.94"
"2025-04-28","20137","3159","15.69"
"2025-04-29","18322","2302","12.56"
"2025-04-30","17762","3429","19.31"
"2025-05-01","20129","4244","21.08"
"2025-05-02","19871","5777","29.07"
"2025-05-03","17032","3609","21.19"
"2025-05-04","20158","6163","30.57"
"2025-05-05","19890","6845","34.41"
"2025-05-06","17490","5675","32.45"
"2025-05-07","18520","3060","16.52"
"2025-05-08","20250","4329","21.38"
"2025-05-09","20305","4738","23.33"
"2025-05-10","17281","2153","12.46"
"2025-05-11","20336","4711","23.17"
"2025-05-12","20318","4778","23.52"
"2025-05-13","18344","2358","12.85"
"2025-05-14","18405","4349","23.63"
"2025-05-15","20279","5477","27.01"
"2025-05-16","19727","6835","34.65"
"2025-05-17","16896","4013","23.75"
"2025-05-18","20193","5883","29.13"
"2025-05-19","20321","5171","25.45"
"2025-05-20","18352","3859","21.03"
"2025-05-21","18800","3794","20.18"
"2025-05-22","20600","5283","25.65"
"2025-05-23","20774","3716","17.89"
"2025-05-24","17556","3439","19.59"
"2025-05-25","18689","4257","22.78"
"2025-05-26","20297","5699","28.08"
"2025-05-27","18703","4229","22.61"
"2025-05-28","19010","4110","21.62"
"2025-05-29","20712","4095","19.77"
"2025-05-30","20422","5138","25.16"
"2025-05-31","17914","3251","18.15"
"2025-06-01","20571","4439","21.58"
"2025-06-02","20510","3897","19.00"
"2025-06-03","18646","3629","19.46"
"2025-06-04","18927","3017","15.94"
"2025-06-05","20887","5183","24.81"
"2025-06-06","20732","6109","29.47"
"2025-06-07","18391","4035","21.94"
"2025-06-08","20564","6810","33.12"
"2025-06-09","21025","6783","32.26"
"2025-06-10","19175","5399","28.16"
"2025-06-11","19053","5143","26.99"
"2025-06-12","20898","6580","31.49"
"2025-06-13","20944","6234","29.77"
"2025-06-14","18498","5560","30.06"
"2025-06-15","20348","7721","37.94"
"2025-06-16","21021","6414","30.51"
"2025-06-17","19212","6247","32.52"
"2025-06-18","19341","6457","33.39"
"2025-06-19","20592","6645","32.27"
"2025-06-20","21061","5339","25.35"
"2025-06-21","18857","3503","18.58"
"2025-06-22","20963","5870","28.00"
"2025-06-23","21258","4578","21.54"
"2025-06-24","19566","4326","22.11"
"2025-06-25","19227","6065","31.54"
"2025-06-26","20467","7154","34.95"
"2025-06-27","20189","7664","37.96"
"2025-06-28","17939","5770","32.16"
"2025-06-29","20359","7057","34.66"
"2025-06-30","20251","5777","28.53"
"2025-07-01","17775","5588","31.44"
"2025-07-02","19290","5701","29.55"
"2025-07-03","20508","6155","30.01"
"2025-07-04","16524","2733","16.54"
"2025-07-05","18243","3521","19.30"
"2025-07-06","21009","6219","29.60"
"2025-07-07","21199","6860","32.36"
"2025-07-08","18691","5556","29.73"
"2025-07-09","19030","5833","30.65"
"2025-07-10","20632","6842","33.16"
"2025-07-11","20758","6889","33.19"
"2025-07-12","17949","5687","31.68"
"2025-07-13","19955","8162","40.90"
"2025-07-14","19643","7435","37.85"
"2025-07-15","19072","5341","28.00"
"2025-07-16","19085","5898","30.90"
"2025-07-17","21139","5861","27.73"
"2025-07-18","21310","5327","25.00"
"2025-07-19","18883","4667","24.72"
"2025-07-20","20968","5399","25.75"
"2025-07-21","21236","5259","24.76"
"2025-07-22","19484","4839","24.84"
"2025-07-23","19800","4308","21.76"
"2025-07-24","21208","5556","26.20"
"2025-07-25","20762","6789","32.70"
"2025-07-26","18809","4827","25.66"
"2025-07-27","20083","6464","32.19"
"2025-07-28","20922","6418","30.68"
"2025-07-29","19444","4170","21.45"
"2025-07-30","19691","5086","25.83"
"2025-07-31","19709","7622","38.67"
"2025-08-01","20533","7585","36.94"
"2025-08-02","18620","5406","29.03"
"2025-08-03","20857","5975","28.65"
"2025-08-04","21167","5223","24.68"
"2025-08-05","18886","2704","14.32"
"2025-08-06","18424","3421","18.57"
"2025-08-07","20804","4726","22.72"
"2025-08-08","20586","3786","18.39"
"2025-08-09","17747","4233","23.85"
"2025-08-10","20720","6462","31.19"
"2025-08-11","20483","4117","20.10"
"2025-08-12","17996","3675","20.42"
"2025-08-13","17611","4275","24.27"
"2025-08-14","20573","5464","26.56"
"2025-08-15","20324","5038","24.79"
"2025-08-16","17142","3788","22.10"
"2025-08-17","20193","5654","28.00"
"2025-08-18","19596","5364","27.37"
"2025-08-19","17682","3519","19.90"
"2025-08-20","17697","4108","23.21"
"2025-08-21","20506","4817","23.49"
"2025-08-22","20295","4793","23.62"
"2025-08-23","16813","3312","19.70"
"2025-08-24","20508","4312","21.03"
"2025-08-25","19819","3527","17.80"
"2025-08-26","17181","1942","11.30"
"2025-08-27","17730","2285","12.89"
"2025-08-28","19716","3977","20.17"
"2025-08-29","20152","4578","22.72"
"2025-08-30","15868","2989","18.84"
"2025-08-31","17504","2865","16.37"
"2025-09-01","20005","3567","17.83"
"2025-09-02","17425","2409","13.82"
"2025-09-03","17071","1621","9.50"
"2025-09-04","18870","3554","18.83"
"2025-09-05","19311","3742","19.38"
"2025-09-06","15506","2848","18.37"
"2025-09-07","19838","3897","19.64"
"2025-09-08","19600","2800","14.29"
"2025-09-09","17095","2052","12.00"
"2025-09-10","17361","1968","11.34"
"2025-09-11","20278","3891","19.19"
"2025-09-12","19973","3439","17.22"
"2025-09-13","15999","2701","16.88"
"2025-09-14","20307","3082","15.18"
"2025-09-15","20081","2675","13.32"
"2025-09-16","17387","2364","13.60"
"2025-09-17","17536","3042","17.35"
"2025-09-18","20304","4591","22.61"
"2025-09-19","19371","3765","19.44"
"2025-09-20","16019","2369","14.79"
"2025-09-21","20155","4470","22.18"
"2025-09-22","19992","4234","21.18"
"2025-09-23","17331","2702","15.59"
"2025-09-24","17514","3539","20.21"
"2025-09-25","20162","4808","23.85"
"2025-09-26","19598","3863","19.71"
"2025-09-27","16238","1755","10.81"
"2025-09-28","20358","2980","14.64"
"2025-09-29","20152","2842","14.10"
"2025-09-30","17492","1289","7.37"
"2025-10-01","17901","1834","10.25"
"2025-10-02","20785","2517","12.11"
"2025-10-03","20430","3125","15.30"
"2025-10-04","16669","1795","10.77"
"2025-10-05","20645","3354","16.25"
"2025-10-06","20870","4412","21.14"
"2025-10-07","18451","2629","14.25"
"2025-10-08","18746","2875","15.34"
"2025-10-09","21022","4958","23.58"
"2025-10-10","20962","5575","26.60"
"2025-10-11","17240","3014","17.48"
"2025-10-12","20846","5777","27.71"
"2025-10-13","20694","6015","29.07"
"2025-10-14","18423","4051","21.99"
"2025-10-15","18737","2870","15.32"
"2025-10-16","21030","3817","18.15"
"2025-10-17","21000","2911","13.86"
"2025-10-18","16876","4073","24.13"
"2025-10-19","20873","5687","27.25"
"2025-10-20","20957","5101","24.34"
"2025-10-21","18466","2506","13.57"
"2025-10-22","18704","2941","15.72"
"2025-10-23","20801","4292","20.63"
"2025-10-24","20356","4785","23.51"
"2025-10-25","16940","3569","21.07"
"2025-10-26","20679","6768","32.73"
"2025-10-27","20756","5608","27.02"
"2025-10-28","17671","3201","18.11"
"2025-10-29","18042","2920","16.18"
"2025-10-30","19264","5127","26.61"
"2025-10-31","16734","4144","24.76"
"2025-11-01","16280","2896","17.79"
"2025-11-02","19910","4376","21.98"
"2025-11-03","19308","3229","16.72"
"2025-11-04","17467","2978","17.05"
"2025-11-05","17702","2771","15.65"
"2025-11-06","20041","5406","26.97"
"2025-11-07","19022","4669","24.55"
"2025-11-08","15385","5116","33.25"
"2025-11-09","17877","8070","45.14"
"2025-11-10","18211","7269","39.92"
"2025-11-11","16911","2656","15.71"
"2025-11-12","17183","1564","9.10"
"2025-11-13","19704","2752","13.97"
"2025-11-14","19683","2322","11.80"
"2025-11-15","16424","1416","8.62"
"2025-11-16","20317","3293","16.21"
"2025-11-17","19614","3153","16.08"
"2025-11-18","17794","2406","13.52"
"2025-11-19","18001","1952","10.84"
"2025-11-20","19079","4143","21.71"
"2025-11-21","20480","4207","20.54"
"2025-11-22","18764","2362","12.59"
"2025-11-23","20514","3091","15.07"
"2025-11-24","19895","4342","21.82"
"2025-11-25","20626","3696","17.92"
"2025-11-26","20683","4565","22.07"
"2025-11-27","10973","818","7.45"
"2025-11-28","18294","2846","15.56"
"2025-11-29","18454","6100","33.06"
"2025-11-30","20700","9706","46.89"
"2025-12-01","20576","7120","34.60"
"2025-12-02","17811","6085","34.16"
"2025-12-03","17670","4887","27.66"
"2025-12-04","19392","5049","26.04"
"2025-12-05","18912","5478","28.97"
"2025-12-06","16187","3021","18.66"
"2025-12-07","19150","7889","41.20"
"2025-12-08","18859","4555","24.15"
"2025-12-09","17348","2893","16.68"
"2025-12-10","17511","3598","20.55"
"2025-12-11","19412","5149","26.52"
"2025-12-12","19710","4297","21.80"
"2025-12-13","16241","3195","19.67"
"2025-12-14","18902","7344","38.85"
"2025-12-15","18983","3942","20.77"
"2025-12-16","17359","1832","10.55"
"2025-12-17","17534","2954","16.85"
"2025-12-18","19720","4899","24.84"
"2025-12-19","19686","7993","40.60"
"2025-12-20","18910","5520","29.19"
"2025-12-21","19750","4708","23.84"
"2025-12-22","19967","3720","18.63"
"2025-12-23","19719","4549","23.07"
"2025-12-24","15459","2487","16.09"
"2025-12-25","15318","1888","12.33"
"2025-12-26","18765","5921","31.55"
"2025-12-27","18298","7018","38.35"
"2025-12-28","19259","7766","40.32"
"2025-12-29","19429","7435","38.27"
"2025-12-30","19728","6030","30.57"
"2025-12-31","16359","3891","23.79"
"2026-01-01","17133","4882","28.49"
"2026-01-02","19752","4792","24.26"
"2026-01-03","18352","5621","30.63"
"2026-01-04","19634","6163","31.39"
"2026-01-05","19209","5162","26.87"
"2026-01-06","16513","2033","12.31"
"2026-01-07","16400","1545","9.42"
"2026-01-08","17966","3233","18.00"
"2026-01-09","18020","2489","13.81"
"2026-01-10","15396","2616","16.99"
"2026-01-11","18405","2993","16.26"
"2026-01-12","17822","1599","8.97"
"2026-01-13","16003","1068","6.67"
"2026-01-14","16030","2813","17.55"
"2026-01-15","18557","3147","16.96"
"2026-01-16","18564","3942","21.23"
"2026-01-17","15123","2815","18.61"
"2026-01-18","16984","4685","27.58"
"2026-01-19","18730","4660","24.88"
"2026-01-20","16208","2328","14.36"
"2026-01-21","16368","1940","11.85"
"2026-01-22","18145","2272","12.52"
"2026-01-23","17736","3471","19.57"
"2026-01-24","12190","2917","23.93"
"2026-01-25","9963","4305","43.21"
"2026-01-26","13115","5443","41.50"
"2026-01-27","13926","4458","32.01"
"2026-01-28","15584","3551","22.79"
"2026-01-29","18102","3712","20.51"
"2026-01-30","17646","3958","22.43"
"2026-01-31","13646","2862","20.97"
"2026-02-01","17684","4363","24.67"
"2026-02-02","17882","4107","22.97"
"2026-02-03","16294","1702","10.45"
"2026-02-04","16131","1587","9.84"
"2026-02-05","18771","3333","17.76"
"2026-02-06","18775","3270","17.42"
"2026-02-07","15449","2776","17.97"
"2026-02-08","17554","2606","14.85"
"2026-02-09","18671","2487","13.32"
"2026-02-10","16443","1475","8.97"
"2026-02-11","16724","1938","11.59"
"2026-02-12","19987","3449","17.26"
"2026-02-13","20133","3660","18.18"
"2026-02-14","16873","3166","18.76"
"2026-02-15","18948","4344","22.93"
"2026-02-16","19746","5352","27.10"
"2026-02-17","17780","4225","23.76"
"2026-02-18","17518","3880","22.15"
"2026-02-19","19682","4930","25.05"
"2026-02-20","19945","6008","30.12"
"2026-02-21","17143","3984","23.24"
"2026-02-22","17626","5739","32.56"
"2026-02-23","15839","2747","17.34"
"2026-02-24","15895","3211","20.20"
"2026-02-25","17595","4427","25.16"
"2026-02-26","20026","3768","18.82"
"2026-02-27","20073","3984","19.85"
"2026-02-28","17209","2733","15.88"
"2026-03-01","19900","3704","18.61"
"2026-03-02","19531","3045","15.59"
"2026-03-03","17283","2282","13.20"
"2026-03-04","17554","2204","12.56"
"2026-03-05","19927","4166","20.91"
"2026-03-06","19117","7229","37.81"
"2026-03-07","16695","6887","41.25"
"2026-03-08","19902","5964","29.97"
"2026-03-09","20470","3588","17.53"
"2026-03-10","18163","2638","14.52"
"2026-03-11","18769","5678","30.25"
"2026-03-12","20214","7171","35.48"
"2026-03-13","19666","6818","34.67"
"2026-03-14","17791","5453","30.65"
"2026-03-15","17437","6690","38.37"
"2026-03-16","16484","9137","55.43"
"2026-03-17","17788","6902","38.80"
"2026-03-18","19096","5336","27.94"
"2026-03-19","20691","3575","17.28"
"2026-03-20","20632","4248","20.59"
"2026-03-21","18436","3425","18.58"
"2026-03-22","20349","5187","25.49"
"2026-03-23","20129","4316","21.44"
"2026-03-24","18608","2613","14.04"
"2026-03-25","19092","2413","12.64"
"2026-03-26","20359","4499","22.10"
"2026-03-27","20463","4577","22.37"
"2026-03-28","18494","3379","18.27"
"2026-03-29","20316","3737","18.39"
"2026-03-30","20458","3294","16.10"
"2026-03-31","18442","3876","21.02"
